{
  "name": "eventemitter2",
  "version": "0.4.13",
  "description": "A Node.js event emitter implementation with namespaces, wildcards, TTL and browser support.",
  "main": "lib/eventemitter2.js",
  "homepage": "https://github.com/hij1nx/EventEmitter2",
  "_release": "0.4.13",
  "_resolution": {
    "type": "version",
    "tag": "0.4.13",
    "commit": "2ae361cf7922e71093d4166a151a2eea6ba165a8"
  },
  "_source": "git://github.com/hij1nx/EventEmitter2.git",
  "_target": "~0.4.13",
  "_originalSource": "eventemitter2"
}